{"cameraMode":{"drawMode":0,"name":"Shaded","section":"Shading Mode"},"sceneLighting":false,"audioPlay":false,"sceneViewState":{"showFog":true,"showMaterialUpdate":false,"showSkybox":false,"showFlares":true,"showImageEffects":true,"showParticleSystems":true},"in2DMode":false,"pivot":{"x":-1.687072515487671,"y":-7.585852146148682,"z":17.886127471923829},"rotation":{"x":-0.21883855760097505,"y":0.04214879125356674,"z":-0.009250421077013016,"w":-0.9748812317848206},"size":23.04973793029785,"orthographic":false}