{"cameraMode":{"drawMode":0,"name":"Shaded","section":"Shading Mode"},"sceneLighting":false,"audioPlay":false,"sceneViewState":{"showFog":true,"showMaterialUpdate":false,"showSkybox":false,"showFlares":true,"showImageEffects":true,"showParticleSystems":true},"in2DMode":false,"pivot":{"x":0.0,"y":12.975001335144043,"z":-21.492595672607423},"rotation":{"x":-0.1954834908246994,"y":-0.025298193097114564,"z":0.005254495423287153,"w":-0.9804407358169556},"size":6.216081142425537,"orthographic":false}