{"cameraMode":{"drawMode":0,"name":"Shaded","section":"Shading Mode"},"sceneLighting":true,"audioPlay":false,"sceneViewState":{"showFog":true,"showMaterialUpdate":false,"showSkybox":true,"showFlares":true,"showImageEffects":true,"showParticleSystems":true},"in2DMode":false,"pivot":{"x":13.60968017578125,"y":-0.9717549085617065,"z":-11.83252239227295},"rotation":{"x":0.01852639950811863,"y":0.9418535828590393,"z":-0.05261506885290146,"w":0.3314293920993805},"size":28.094066619873048,"orthographic":false}