{"cameraMode":{"drawMode":0,"name":"Shaded","section":"Shading Mode"},"sceneLighting":false,"audioPlay":false,"sceneViewState":{"showFog":true,"showMaterialUpdate":false,"showSkybox":false,"showFlares":true,"showImageEffects":true,"showParticleSystems":true},"in2DMode":false,"pivot":{"x":1.6990962028503419,"y":1.2320482730865479,"z":0.6815994381904602},"rotation":{"x":0.18355843424797059,"y":-0.7733951210975647,"z":0.2588141858577728,"w":0.5491778254508972},"size":0.24750001728534699,"orthographic":false}