{"cameraMode":{"drawMode":0,"name":"Shaded","section":"Shading Mode"},"sceneLighting":true,"audioPlay":false,"sceneViewState":{"showFog":true,"showMaterialUpdate":false,"showSkybox":true,"showFlares":true,"showImageEffects":true,"showParticleSystems":true},"in2DMode":false,"pivot":{"x":17.66562271118164,"y":2.9788131713867189,"z":16.379337310791017},"rotation":{"x":0.014993944205343724,"y":-0.38436126708984377,"z":-0.006118342746049166,"w":-0.9231476783752441},"size":34.495628356933597,"orthographic":false}