{"cameraMode":{"drawMode":0,"name":"Shaded","section":"Shading Mode"},"sceneLighting":true,"audioPlay":false,"sceneViewState":{"showFog":true,"showMaterialUpdate":false,"showSkybox":true,"showFlares":true,"showImageEffects":true,"showParticleSystems":true},"in2DMode":false,"pivot":{"x":2.1024186611175539,"y":-1.947845697402954,"z":-18.74111557006836},"rotation":{"x":-0.006339993327856064,"y":-0.9929618239402771,"z":0.09894965589046478,"w":-0.06592753529548645},"size":22.0,"orthographic":false}