{"cameraMode":{"drawMode":0,"name":"Shaded","section":"Shading Mode"},"sceneLighting":false,"audioPlay":false,"sceneViewState":{"showFog":true,"showMaterialUpdate":false,"showSkybox":false,"showFlares":true,"showImageEffects":true,"showParticleSystems":true},"in2DMode":false,"pivot":{"x":55.943885803222659,"y":4.364742755889893,"z":-77.95216369628906},"rotation":{"x":-0.10533642768859863,"y":0.7948557734489441,"z":-0.16521771252155305,"w":-0.5743668675422669},"size":5.074356555938721,"orthographic":false}