{"cameraMode":{"drawMode":0,"name":"Shaded","section":"Shading Mode"},"sceneLighting":true,"audioPlay":false,"sceneViewState":{"showFog":true,"showMaterialUpdate":true,"showSkybox":true,"showFlares":true,"showImageEffects":true,"showParticleSystems":true},"in2DMode":false,"pivot":{"x":53.3582878112793,"y":8.921381950378418,"z":-36.23090362548828},"rotation":{"x":-0.209962397813797,"y":0.2732532322406769,"z":-0.06131049618124962,"w":-0.9367989897727966},"size":4.474356174468994,"orthographic":false}