{"cameraMode":{"drawMode":0,"name":"Shaded","section":"Shading Mode"},"sceneLighting":true,"audioPlay":false,"sceneViewState":{"showFog":true,"showMaterialUpdate":true,"showSkybox":true,"showFlares":true,"showImageEffects":true,"showParticleSystems":true},"in2DMode":false,"pivot":{"x":79.15609741210938,"y":29.085025787353517,"z":-45.45119857788086},"rotation":{"x":0.23324568569660188,"y":-0.5450992584228516,"z":0.16109740734100343,"w":0.789053738117218},"size":4.474356174468994,"orthographic":false}