{"cameraMode":{"drawMode":0,"name":"Shaded","section":"Shading Mode"},"sceneLighting":true,"audioPlay":false,"sceneViewState":{"showFog":true,"showMaterialUpdate":false,"showSkybox":true,"showFlares":true,"showImageEffects":true,"showParticleSystems":true},"in2DMode":false,"pivot":{"x":57.88079071044922,"y":17.381755828857423,"z":-3.579619884490967},"rotation":{"x":-0.23477981984615327,"y":0.6750286221504211,"z":-0.26148319244384768,"w":-0.6488599181175232},"size":4.474356174468994,"orthographic":false}