{"cameraMode":{"drawMode":0,"name":"Shaded","section":"Shading Mode"},"sceneLighting":true,"audioPlay":false,"sceneViewState":{"showFog":true,"showMaterialUpdate":false,"showSkybox":true,"showFlares":true,"showImageEffects":true,"showParticleSystems":true},"in2DMode":false,"pivot":{"x":-1.0862433910369874,"y":-4.195999622344971,"z":8.032182693481446},"rotation":{"x":0.32118621468544009,"y":-0.12801490724086762,"z":0.055842213332653049,"w":0.9366813898086548},"size":22.0,"orthographic":false}