{"cameraMode":{"drawMode":0,"name":"Shaded","section":"Shading Mode"},"sceneLighting":true,"audioPlay":false,"sceneViewState":{"showFog":true,"showMaterialUpdate":true,"showSkybox":true,"showFlares":true,"showImageEffects":true,"showParticleSystems":true},"in2DMode":false,"pivot":{"x":70.60243225097656,"y":55.62715530395508,"z":-60.47896957397461},"rotation":{"x":-0.35783255100250246,"y":0.44906824827194216,"z":-0.2029251605272293,"w":-0.793317973613739},"size":4.041658401489258,"orthographic":false}