{"cameraMode":{"drawMode":0,"name":"Shaded","section":"Shading Mode"},"sceneLighting":false,"audioPlay":false,"sceneViewState":{"showFog":true,"showMaterialUpdate":false,"showSkybox":false,"showFlares":true,"showImageEffects":true,"showParticleSystems":true},"in2DMode":false,"pivot":{"x":4.311892032623291,"y":5.756550312042236,"z":6.666499614715576},"rotation":{"x":0.022181496024131776,"y":0.9652033448219299,"z":-0.25770998001098635,"w":0.03959539905190468},"size":4.0581955909729,"orthographic":false}