{"cameraMode":{"drawMode":0,"name":"Shaded","section":"Shading Mode"},"sceneLighting":false,"audioPlay":false,"sceneViewState":{"showFog":true,"showMaterialUpdate":false,"showSkybox":false,"showFlares":true,"showImageEffects":true,"showParticleSystems":true},"in2DMode":false,"pivot":{"x":-2.154984474182129,"y":0.2778203785419464,"z":-4.6348557472229},"rotation":{"x":0.06778315454721451,"y":-0.9196171760559082,"z":0.2984997034072876,"w":0.24631677567958833},"size":12.833456993103028,"orthographic":false}