{"cameraMode":{"drawMode":0,"name":"Shaded","section":"Shading Mode"},"sceneLighting":false,"audioPlay":false,"sceneViewState":{"showFog":true,"showMaterialUpdate":false,"showSkybox":false,"showFlares":true,"showImageEffects":true,"showParticleSystems":true},"in2DMode":false,"pivot":{"x":-4.306258678436279,"y":2.256596326828003,"z":0.953422486782074},"rotation":{"x":0.15649451315402986,"y":-0.6696581244468689,"z":0.16399447619915009,"w":0.7072737216949463},"size":12.255951881408692,"orthographic":false}