{"cameraMode":{"drawMode":0,"name":"Shaded","section":"Shading Mode"},"sceneLighting":true,"audioPlay":false,"sceneViewState":{"showFog":true,"showMaterialUpdate":false,"showSkybox":true,"showFlares":true,"showImageEffects":true,"showParticleSystems":true},"in2DMode":false,"pivot":{"x":0.444821834564209,"y":1.5751267671585084,"z":0.6805968284606934},"rotation":{"x":-0.19876469671726228,"y":0.6939374804496765,"z":-0.2089187502861023,"w":-0.6598189473152161},"size":4.641658306121826,"orthographic":false}