{"cameraMode":{"drawMode":0,"name":"Shaded","section":"Shading Mode"},"sceneLighting":true,"audioPlay":false,"sceneViewState":{"showFog":true,"showMaterialUpdate":false,"showSkybox":true,"showFlares":true,"showImageEffects":true,"showParticleSystems":true},"in2DMode":false,"pivot":{"x":-2.553562641143799,"y":-5.342973709106445,"z":2.807952404022217},"rotation":{"x":0.16922509670257569,"y":-0.8272406458854675,"z":0.33426111936569216,"w":0.41879138350486758},"size":54.1102409362793,"orthographic":false}