{"cameraMode":{"drawMode":0,"name":"Shaded","section":"Shading Mode"},"sceneLighting":false,"audioPlay":false,"sceneViewState":{"showFog":true,"showMaterialUpdate":false,"showSkybox":false,"showFlares":true,"showImageEffects":true,"showParticleSystems":true},"in2DMode":false,"pivot":{"x":-0.8971344232559204,"y":7.349968910217285,"z":-11.773679733276368},"rotation":{"x":-0.037470631301403049,"y":0.9340988397598267,"z":-0.1029849722981453,"w":-0.3397919535636902},"size":48.23023223876953,"orthographic":false}