{"cameraMode":{"drawMode":0,"name":"Shaded","section":"Shading Mode"},"sceneLighting":true,"audioPlay":false,"sceneViewState":{"showFog":true,"showMaterialUpdate":false,"showSkybox":true,"showFlares":true,"showImageEffects":true,"showParticleSystems":true},"in2DMode":false,"pivot":{"x":2.556669235229492,"y":1.629551649093628,"z":2.295642852783203},"rotation":{"x":-0.22514435648918153,"y":0.3310987651348114,"z":-0.08157630264759064,"w":-0.9127374887466431},"size":6.23240852355957,"orthographic":false}