{"cameraMode":{"drawMode":0,"name":"Shaded","section":"Shading Mode"},"sceneLighting":false,"audioPlay":false,"sceneViewState":{"showFog":true,"showMaterialUpdate":false,"showSkybox":false,"showFlares":true,"showImageEffects":true,"showParticleSystems":true},"in2DMode":false,"pivot":{"x":-0.7753470540046692,"y":1.6023731231689454,"z":-1.1617108583450318},"rotation":{"x":-0.006979231722652912,"y":-0.9900434017181397,"z":-0.0532093271613121,"w":0.13023853302001954},"size":4.188830852508545,"orthographic":false}