{"cameraMode":{"drawMode":0,"name":"Shaded","section":"Shading Mode"},"sceneLighting":true,"audioPlay":false,"sceneViewState":{"showFog":true,"showMaterialUpdate":false,"showSkybox":true,"showFlares":true,"showImageEffects":true,"showParticleSystems":true},"in2DMode":false,"pivot":{"x":-9.545692443847657,"y":0.6571197509765625,"z":-0.07908755540847779},"rotation":{"x":0.08563593029975891,"y":-0.6865921020507813,"z":0.08195369690656662,"w":0.7173368334770203},"size":22.0,"orthographic":false}